Meal,Category,Cuisine,Instructions,Image,YouTube
Chicken Handi,Chicken,India,"Take a large pot or wok, big enough to cook all the chicken, and heat the oil in it. Once the oil is hot, add sliced onion and fry them until deep gol...",https://www.themealdb.com/images/media/meals/wyxwsp1486979827.jpg,https://www.youtube.com/watch?v=IO0issT0Rmc
Chicken Mandi,Chicken,India,"1. Clean and cut the chicken; marinate briefly with salt, turmeric and a little oil.
2. Rinse and soak basmati rice 20–30 minutes.
3. In a large pot...",https://www.themealdb.com/images/media/meals/er4d081765186828.jpg,
Sticky Chicken,Chicken,Australian,"step 1
Make 3 slashes on each of the drumsticks. Mix together the soy, honey, oil, tomato purée and mustard. Pour this mixture over the chicken and c...",https://www.themealdb.com/images/media/meals/cj56fs1762340001.jpg,https://www.youtube.com/watch?v=o8tz2BOltTg
Chicken Congee,Chicken,Chinese,"STEP 1 - MARINATING THE CHICKEN
In a bowl, add chicken, salt, white pepper, ginger juice and then mix it together well.
Set the chicken aside.
STEP...",https://www.themealdb.com/images/media/meals/1529446352.jpg,https://www.youtube.com/watch?v=kqEfk801E94
Chicken Karaage,Chicken,Japanese,"Add the ginger, garlic, soy sauce, sake and sugar to a bowl and whisk to combine. Add the chicken, then stir to coat evenly. Cover and refrigerate for...",https://www.themealdb.com/images/media/meals/tyywsw1505930373.jpg,https://www.youtube.com/watch?v=XivddFddthc
Chicken Marengo,Chicken,France,Heat the oil in a large flameproof casserole dish and stir-fry the mushrooms until they start to soften. Add the chicken legs and cook briefly on each...,https://www.themealdb.com/images/media/meals/qpxvuq1511798906.jpg,https://www.youtube.com/watch?v=U33HYUr-0Fw
Spanish Chicken,Chicken,Spanish,"step 1
Heat oven to 190C/170C fan/gas 5. Put all the ingredients into a large, wide ovenproof dish. Mix everything together with your hands and seaso...",https://www.themealdb.com/images/media/meals/pqulvm1763282839.jpg,https://www.youtube.com/watch?v=fKqSOn5NCrk
Tandoori chicken,Chicken,India,"Mix the lemon juice with the paprika and red onions in a large shallow dish. Slash each chicken thigh three times, then turn them in the juice and set...",https://www.themealdb.com/images/media/meals/qptpvt1487339892.jpg,https://www.youtube.com/watch?v=-CKvt1KNU74
Chicken Couscous,Chicken,Moroccan,Heat the olive oil in a large frying pan and cook the onion for 1-2 mins just until softened. Add the chicken and fry for 7-10 mins until cooked throu...,https://www.themealdb.com/images/media/meals/qxytrx1511304021.jpg,https://www.youtube.com/watch?v=GZQGy9oscVk
Kung Pao Chicken,Chicken,Chinese,"Combine the sake or rice wine, soy sauce, sesame oil and cornflour dissolved in water. Divide mixture in half.
In a glass dish or bowl, combine half ...",https://www.themealdb.com/images/media/meals/1525872624.jpg,https://www.youtube.com/watch?v=QqdcCHQlOe0
Chicken Basquaise,Chicken,France,Preheat the oven to 180°C/Gas mark 4. Have the chicken joints ready to cook. Heat the butter and 3 tbsp olive oil in a flameproof casserole or large f...,https://www.themealdb.com/images/media/meals/wruvqv1511880994.jpg,https://www.youtube.com/watch?v=emfm6TwsVhg
Chicken Fried Rice,Chicken,Chinese,"Fried rice is best made with leftover rice that's at least a day old. Otherwise it becomes gummy in the skillet.
If you don’t have any leftover rice ...",https://www.themealdb.com/images/media/meals/wuyd2h1765655837.jpg,https://www.youtube.com/watch?v=mUr-7wjhHuU
Chicken Parmentier,Chicken,France,"For the topping, boil the potatoes in salted water until tender. Drain and push through a potato ricer, or mash thoroughly. Stir in the butter, cream ...",https://www.themealdb.com/images/media/meals/uwvxpv1511557015.jpg,https://www.youtube.com/watch?v=tiG-xlmeyjg
Brown Stew Chicken,Chicken,Jamaican,"Squeeze lime over chicken and rub well. Drain off excess lime juice.
Combine tomato, scallion, onion, garlic, pepper, thyme, pimento and soy sauce in...",https://www.themealdb.com/images/media/meals/sypxpx1515365095.jpg,https://www.youtube.com/watch?v=_gFB1fkNhXs
Spanish chicken pie,Chicken,Spanish,"step 1
Heat oven to 200C/fan 180C/gas 6. Boil the potatoes for 15-20 mins until tender. Drain, return to the pan, then mash with some seasoning and 2...",https://www.themealdb.com/images/media/meals/8ovxf41763253962.jpg,
Katsu Chicken curry,Chicken,Japanese,"Prep:15min  ›  Cook:30min  ›  Ready in:45min 

For the curry sauce: Heat oil in medium non-stick saucepan, add onion and garlic and cook until softe...",https://www.themealdb.com/images/media/meals/vwrpps1503068729.jpg,https://www.youtube.com/watch?v=MWzxDFRtVbc
Nutty Chicken Curry,Chicken,India,"Finely slice a quarter of the chilli, then put the rest in a food processor with the ginger, garlic, coriander stalks and one-third of the leaves. Whi...",https://www.themealdb.com/images/media/meals/yxsurp1511304301.jpg,https://www.youtube.com/watch?v=nSQNfZxOdeU
Easy Spanish chicken,Chicken,Spanish,"step 1
Heat the oven to 200C/180C fan/gas 6. Heat the olive oil in a large ovenproof frying pan over a medium heat and fry the onion, chorizo and pep...",https://www.themealdb.com/images/media/meals/kzxflc1763194887.jpg,https://www.youtube.com/watch?v=EusTpzrqYK4
General Tsos Chicken,Chicken,Chinese,"DIRECTIONS:
STEP 1 - SAUCE
In a bowl, add 2 Cups of water, 2 Tablespoon soy sauce, 2 Tablespoon white vinegar, sherry cooking wine, 1/4 Teaspoon whi...",https://www.themealdb.com/images/media/meals/1529444113.jpg,https://www.youtube.com/watch?v=wWGwz0iBmvU
Smoky chicken skewers,Chicken,Turkish,"step 1
You need 15 skewers: if wooden, soak in water for 10 mins. Cut chicken into 3cm pieces and place in a bowl. Add 1 tbsp olive oil, the spices, ...",https://www.themealdb.com/images/media/meals/3um6il1763794322.jpg,https://www.youtube.com/watch?v=vNDTGF4ppu8
Sweet and Sour Chicken,Chicken,Chinese,"Coat the chicken with egg white:
In a bowl, combine the chicken with the egg white, 1/2 teaspoon kosher salt, and cornstarch. Stir to coat the chicke...",https://www.themealdb.com/images/media/meals/arzs741766434335.jpg,https://www.youtube.com/watch?v=cblsP5S9PhU
Kentucky Fried Chicken,Chicken,United States,"Preheat fryer to 350°F. Thoroughly mix together all the spice mix ingredients.
Combine spice mix with flour, brown sugar and salt.
Dip chicken piece...",https://www.themealdb.com/images/media/meals/40r49m1763197022.jpg,https://www.youtube.com/watch?v=PTUxCvCz8Bc
Chinese Orange Chicken,Chicken,Chinese,"Make the orange sauce:
Whisk together sauce ingredients in a medium bowl. Set aside.


Prep the chicken:
Cut chicken into about 1-inch cubes. Whi...",https://www.themealdb.com/images/media/meals/s73ytv1765567838.jpg,https://www.youtube.com/watch?v=-222Dutomek
Chicken and Potato Roti,Chicken,,"Add a pint of chicken stock to the simmer and put three tablespoons of sugar into a large saucepan on high; cook until the sugar caramelizes, then add...",https://www.themealdb.com/images/media/meals/mp9z0i1782238092.jpg,https://www.youtube.com/watch?v=2ehdHb1rcAQ
Thai green chicken soup,Chicken,Thai,"step 1
Heat the oil in your largest pan, add the onion and fry for 3 mins to soften. Add the chicken and garlic, and cook until the chicken changes c...",https://www.themealdb.com/images/media/meals/7kb44y1763589084.jpg,https://www.youtube.com/watch?v=3s4Yitd546w
