Hotel Name,Rating,Location,Hotel Link
Hotel Luxe Elite IGI Delhi,"Scored 10
10
Exceptional
7 reviews",N/A,https://www.booking.com/hotel/in/luxe-elite-igi-delhi.html?label=gen173nr-10CAEoggI46AdIM1gEaGyIAQGYATO4ARfIAQzYAQPoAQH4AQGIAgGoAgG4ArComtIGwAIB0gIkNjc5ZWQ5MTUtODAzYi00ODAzLTljMjgtMjk1ZDkwNmNiM2Mx2AIB4AIB&aid=304142&ucfs=1&arphpl=1&dest_id=-2106102&dest_type=city&group_adults=2&req_adults=2&no_rooms=1&group_children=0&req_children=0&hpos=1&hapos=1&sr_order=popularity&srpvid=80627519907100cd&srepoch=1783010359&from=searchresults
Hotel Garan place insnapper Near Delhi University,"Scored 10
10
Exceptional
1 review",N/A,https://www.booking.com/hotel/in/karan-place-in.html?label=gen173nr-10CAEoggI46AdIM1gEaGyIAQGYATO4ARfIAQzYAQPoAQH4AQGIAgGoAgG4ArComtIGwAIB0gIkNjc5ZWQ5MTUtODAzYi00ODAzLTljMjgtMjk1ZDkwNmNiM2Mx2AIB4AIB&aid=304142&ucfs=1&arphpl=1&dest_id=-2106102&dest_type=city&group_adults=2&req_adults=2&no_rooms=1&group_children=0&req_children=0&hpos=2&hapos=2&sr_order=popularity&srpvid=80627519907100cd&srepoch=1783010359&from=searchresults
Hotel Amrit Villa Karol Bagh New Delhi,"Scored 9.5
9.5
Exceptional
2 reviews",N/A,https://www.booking.com/hotel/in/amrit-villa-karol-bagh-delhi.html?label=gen173nr-10CAEoggI46AdIM1gEaGyIAQGYATO4ARfIAQzYAQPoAQH4AQGIAgGoAgG4ArComtIGwAIB0gIkNjc5ZWQ5MTUtODAzYi00ODAzLTljMjgtMjk1ZDkwNmNiM2Mx2AIB4AIB&aid=304142&ucfs=1&arphpl=1&dest_id=-2106102&dest_type=city&group_adults=2&req_adults=2&no_rooms=1&group_children=0&req_children=0&hpos=3&hapos=3&sr_order=popularity&srpvid=80627519907100cd&srepoch=1783010359&from=searchresults
ibis New Delhi Aerocity - An Accor Brand,"Scored 7.0
7.0
Good
6,610 reviews",N/A,https://www.booking.com/hotel/in/ibis-delhi-airport.html?label=gen173nr-10CAEoggI46AdIM1gEaGyIAQGYATO4ARfIAQzYAQPoAQH4AQGIAgGoAgG4ArComtIGwAIB0gIkNjc5ZWQ5MTUtODAzYi00ODAzLTljMjgtMjk1ZDkwNmNiM2Mx2AIB4AIB&aid=304142&ucfs=1&arphpl=1&dest_id=-2106102&dest_type=city&group_adults=2&req_adults=2&no_rooms=1&group_children=0&req_children=0&hpos=4&hapos=4&sr_order=popularity&srpvid=80627519907100cd&srepoch=1783010359&from_sustainable_property_sr=1&from=searchresults
"Apple Park - Comfortable Stay Near Delhi Airport, Mahipalpur",N/A,N/A,https://www.booking.com/hotel/in/zyvora-plaza-delhi-airport.html?label=gen173nr-10CAEoggI46AdIM1gEaGyIAQGYATO4ARfIAQzYAQPoAQH4AQGIAgGoAgG4ArComtIGwAIB0gIkNjc5ZWQ5MTUtODAzYi00ODAzLTljMjgtMjk1ZDkwNmNiM2Mx2AIB4AIB&aid=304142&ucfs=1&arphpl=1&dest_id=-2106102&dest_type=city&group_adults=2&req_adults=2&no_rooms=1&group_children=0&req_children=0&hpos=5&hapos=5&sr_order=popularity&srpvid=80627519907100cd&srepoch=1783010359&from=searchresults
Saptagiri Airport hotel near to Aerocity,N/A,N/A,https://www.booking.com/hotel/in/saptagiri-airport-near-to-aerocity.html?label=gen173nr-10CAEoggI46AdIM1gEaGyIAQGYATO4ARfIAQzYAQPoAQH4AQGIAgGoAgG4ArComtIGwAIB0gIkNjc5ZWQ5MTUtODAzYi00ODAzLTljMjgtMjk1ZDkwNmNiM2Mx2AIB4AIB&aid=304142&ucfs=1&arphpl=1&dest_id=-2106102&dest_type=city&group_adults=2&req_adults=2&no_rooms=1&group_children=0&req_children=0&hpos=6&hapos=6&sr_order=popularity&srpvid=80627519907100cd&srepoch=1783010359&from=searchresults
"Lemon Tree Hotel, Delhi Airport","Scored 8.5
8.5
Very Good
1,509 reviews",N/A,https://www.booking.com/hotel/in/red-fox-delhi-aerocity.html?label=gen173nr-10CAEoggI46AdIM1gEaGyIAQGYATO4ARfIAQzYAQPoAQH4AQGIAgGoAgG4ArComtIGwAIB0gIkNjc5ZWQ5MTUtODAzYi00ODAzLTljMjgtMjk1ZDkwNmNiM2Mx2AIB4AIB&aid=304142&ucfs=1&arphpl=1&dest_id=-2106102&dest_type=city&group_adults=2&req_adults=2&no_rooms=1&group_children=0&req_children=0&hpos=7&hapos=7&sr_order=popularity&srpvid=80627519907100cd&srepoch=1783010359&from=searchresults
Hotel View BallaMount Near Delhi Airport - Free Airport Pickup & Drop,N/A,N/A,https://www.booking.com/hotel/in/canel-view-delhi.html?label=gen173nr-10CAEoggI46AdIM1gEaGyIAQGYATO4ARfIAQzYAQPoAQH4AQGIAgGoAgG4ArComtIGwAIB0gIkNjc5ZWQ5MTUtODAzYi00ODAzLTljMjgtMjk1ZDkwNmNiM2Mx2AIB4AIB&aid=304142&ucfs=1&arphpl=1&dest_id=-2106102&dest_type=city&group_adults=2&req_adults=2&no_rooms=1&group_children=0&req_children=0&hpos=8&hapos=8&sr_order=popularity&srpvid=80627519907100cd&srepoch=1783010359&from=searchresults
The LaLiT New Delhi,"Scored 8.2
8.2
Very Good
3,843 reviews",N/A,https://www.booking.com/hotel/in/the-lalit-new-delhi.html?label=gen173nr-10CAEoggI46AdIM1gEaGyIAQGYATO4ARfIAQzYAQPoAQH4AQGIAgGoAgG4ArComtIGwAIB0gIkNjc5ZWQ5MTUtODAzYi00ODAzLTljMjgtMjk1ZDkwNmNiM2Mx2AIB4AIB&aid=304142&ucfs=1&arphpl=1&dest_id=-2106102&dest_type=city&group_adults=2&req_adults=2&no_rooms=1&group_children=0&req_children=0&hpos=9&hapos=9&sr_order=popularity&srpvid=80627519907100cd&srepoch=1783010359&from=searchresults
EL DE Elysian Hotel Near IGI Airport Delhi,"Scored 8.5
8.5
Very Good
6 reviews",N/A,https://www.booking.com/hotel/in/norvale-plaza-delhi-airport.html?label=gen173nr-10CAEoggI46AdIM1gEaGyIAQGYATO4ARfIAQzYAQPoAQH4AQGIAgGoAgG4ArComtIGwAIB0gIkNjc5ZWQ5MTUtODAzYi00ODAzLTljMjgtMjk1ZDkwNmNiM2Mx2AIB4AIB&aid=304142&ucfs=1&arphpl=1&dest_id=-2106102&dest_type=city&group_adults=2&req_adults=2&no_rooms=1&group_children=0&req_children=0&hpos=10&hapos=10&sr_order=popularity&srpvid=80627519907100cd&srepoch=1783010359&from=searchresults
"Pride Plaza Hotel, Aerocity New Delhi","Scored 8.4
8.4
Very Good
4,454 reviews",N/A,https://www.booking.com/hotel/in/pride-plaza-aerocity-new-delhi.html?label=gen173nr-10CAEoggI46AdIM1gEaGyIAQGYATO4ARfIAQzYAQPoAQH4AQGIAgGoAgG4ArComtIGwAIB0gIkNjc5ZWQ5MTUtODAzYi00ODAzLTljMjgtMjk1ZDkwNmNiM2Mx2AIB4AIB&aid=304142&ucfs=1&arphpl=1&dest_id=-2106102&dest_type=city&group_adults=2&req_adults=2&no_rooms=1&group_children=0&req_children=0&hpos=11&hapos=11&sr_order=popularity&srpvid=80627519907100cd&srepoch=1783010359&from=searchresults
"Sukoon Stays, Saket near Max Saket- 1BHK Apartment",N/A,N/A,https://www.booking.com/hotel/in/sukoon-stays-saket-near-max-saket-1bhk-apartment.html?label=gen173nr-10CAEoggI46AdIM1gEaGyIAQGYATO4ARfIAQzYAQPoAQH4AQGIAgGoAgG4ArComtIGwAIB0gIkNjc5ZWQ5MTUtODAzYi00ODAzLTljMjgtMjk1ZDkwNmNiM2Mx2AIB4AIB&aid=304142&ucfs=1&arphpl=1&dest_id=-2106102&dest_type=city&group_adults=2&req_adults=2&no_rooms=1&group_children=0&req_children=0&hpos=12&hapos=12&sr_order=popularity&srpvid=80627519907100cd&srepoch=1783010359&from=searchresults
Airport Golden Stay,"Scored 10
10
Exceptional
3 reviews",N/A,https://www.booking.com/hotel/in/airport-golden-stay.html?label=gen173nr-10CAEoggI46AdIM1gEaGyIAQGYATO4ARfIAQzYAQPoAQH4AQGIAgGoAgG4ArComtIGwAIB0gIkNjc5ZWQ5MTUtODAzYi00ODAzLTljMjgtMjk1ZDkwNmNiM2Mx2AIB4AIB&aid=304142&ucfs=1&arphpl=1&dest_id=-2106102&dest_type=city&group_adults=2&req_adults=2&no_rooms=1&group_children=0&req_children=0&hpos=13&hapos=13&sr_order=popularity&srpvid=80627519907100cd&srepoch=1783010359&from=searchresults
Aloft by Marriott New Delhi Aerocity,"Scored 8.4
8.4
Very Good
3,265 reviews",N/A,https://www.booking.com/hotel/in/aloft-new-delhi-aerocity.html?label=gen173nr-10CAEoggI46AdIM1gEaGyIAQGYATO4ARfIAQzYAQPoAQH4AQGIAgGoAgG4ArComtIGwAIB0gIkNjc5ZWQ5MTUtODAzYi00ODAzLTljMjgtMjk1ZDkwNmNiM2Mx2AIB4AIB&aid=304142&ucfs=1&arphpl=1&dest_id=-2106102&dest_type=city&group_adults=2&req_adults=2&no_rooms=1&group_children=0&req_children=0&hpos=14&hapos=14&sr_order=popularity&srpvid=80627519907100cd&srepoch=1783010359&from=searchresults
Hyatt Centric Janakpuri New Delhi,"Scored 7.1
7.1
Good
1,482 reviews",N/A,https://www.booking.com/hotel/in/hilton-new-delhi-janakpuri.html?label=gen173nr-10CAEoggI46AdIM1gEaGyIAQGYATO4ARfIAQzYAQPoAQH4AQGIAgGoAgG4ArComtIGwAIB0gIkNjc5ZWQ5MTUtODAzYi00ODAzLTljMjgtMjk1ZDkwNmNiM2Mx2AIB4AIB&aid=304142&ucfs=1&arphpl=1&dest_id=-2106102&dest_type=city&group_adults=2&req_adults=2&no_rooms=1&group_children=0&req_children=0&hpos=15&hapos=15&sr_order=popularity&srpvid=80627519907100cd&srepoch=1783010359&from=searchresults
Qotel Comfort Oasis Rajouri Garden - Newly Built 2026,"Scored 7.3
7.3
Good
130 reviews",N/A,https://www.booking.com/hotel/in/stay-inn-preet-vihar.html?label=gen173nr-10CAEoggI46AdIM1gEaGyIAQGYATO4ARfIAQzYAQPoAQH4AQGIAgGoAgG4ArComtIGwAIB0gIkNjc5ZWQ5MTUtODAzYi00ODAzLTljMjgtMjk1ZDkwNmNiM2Mx2AIB4AIB&aid=304142&ucfs=1&arphpl=1&dest_id=-2106102&dest_type=city&group_adults=2&req_adults=2&no_rooms=1&group_children=0&req_children=0&hpos=16&hapos=16&sr_order=popularity&srpvid=80627519907100cd&srepoch=1783010359&from=searchresults
Hotel Nyshaka Plaza Near Delhi Airport - Free Airport Pickup & Drop,"Scored 10
10
Exceptional
1 review",N/A,https://www.booking.com/hotel/in/royal-deft-suite-delhi.html?label=gen173nr-10CAEoggI46AdIM1gEaGyIAQGYATO4ARfIAQzYAQPoAQH4AQGIAgGoAgG4ArComtIGwAIB0gIkNjc5ZWQ5MTUtODAzYi00ODAzLTljMjgtMjk1ZDkwNmNiM2Mx2AIB4AIB&aid=304142&ucfs=1&arphpl=1&dest_id=-2106102&dest_type=city&group_adults=2&req_adults=2&no_rooms=1&group_children=0&req_children=0&hpos=17&hapos=17&sr_order=popularity&srpvid=80627519907100cd&srepoch=1783010359&from=searchresults
The Leela Ambience Convention Hotel Delhi,"Scored 8.6
8.6
Excellent
2,041 reviews",N/A,https://www.booking.com/hotel/in/the-leela-ambience-convention-hotel-delhi.html?label=gen173nr-10CAEoggI46AdIM1gEaGyIAQGYATO4ARfIAQzYAQPoAQH4AQGIAgGoAgG4ArComtIGwAIB0gIkNjc5ZWQ5MTUtODAzYi00ODAzLTljMjgtMjk1ZDkwNmNiM2Mx2AIB4AIB&aid=304142&ucfs=1&arphpl=1&dest_id=-2106102&dest_type=city&group_adults=2&req_adults=2&no_rooms=1&group_children=0&req_children=0&hpos=18&hapos=18&sr_order=popularity&srpvid=80627519907100cd&srepoch=1783010359&from=searchresults
Hotel IKOY A Luxury Boutique Near Ashok Vihar & Model Town,"Scored 10
10
Exceptional
3 reviews",N/A,https://www.booking.com/hotel/in/ikoy-delhi.html?label=gen173nr-10CAEoggI46AdIM1gEaGyIAQGYATO4ARfIAQzYAQPoAQH4AQGIAgGoAgG4ArComtIGwAIB0gIkNjc5ZWQ5MTUtODAzYi00ODAzLTljMjgtMjk1ZDkwNmNiM2Mx2AIB4AIB&aid=304142&ucfs=1&arphpl=1&dest_id=-2106102&dest_type=city&group_adults=2&req_adults=2&no_rooms=1&group_children=0&req_children=0&hpos=19&hapos=19&sr_order=popularity&srpvid=80627519907100cd&srepoch=1783010359&from=searchresults
Hotel KASA ORCA Near Tilak Nagar and Subhash Nagar Metro Station,"Scored 5.5
5.5
Review score
2 reviews",N/A,https://www.booking.com/hotel/in/yuvraj-stays-near-tilak-nagar-metro-station.html?label=gen173nr-10CAEoggI46AdIM1gEaGyIAQGYATO4ARfIAQzYAQPoAQH4AQGIAgGoAgG4ArComtIGwAIB0gIkNjc5ZWQ5MTUtODAzYi00ODAzLTljMjgtMjk1ZDkwNmNiM2Mx2AIB4AIB&aid=304142&ucfs=1&arphpl=1&dest_id=-2106102&dest_type=city&group_adults=2&req_adults=2&no_rooms=1&group_children=0&req_children=0&hpos=20&hapos=20&sr_order=popularity&srpvid=80627519907100cd&srepoch=1783010359&from=searchresults
Staylo Pink Residency,"Scored 4.0
4.0
Review score
3 reviews",N/A,https://www.booking.com/hotel/in/staylo-pink-residency.html?label=gen173nr-10CAEoggI46AdIM1gEaGyIAQGYATO4ARfIAQzYAQPoAQH4AQGIAgGoAgG4ArComtIGwAIB0gIkNjc5ZWQ5MTUtODAzYi00ODAzLTljMjgtMjk1ZDkwNmNiM2Mx2AIB4AIB&aid=304142&ucfs=1&arphpl=1&dest_id=-2106102&dest_type=city&group_adults=2&req_adults=2&no_rooms=1&group_children=0&req_children=0&hpos=21&hapos=21&sr_order=popularity&srpvid=80627519907100cd&srepoch=1783010359&from=searchresults
Hotel O Mannat,"Scored 6.0
6.0
Review score
20 reviews",N/A,https://www.booking.com/hotel/in/oyo-77914-mannat.html?label=gen173nr-10CAEoggI46AdIM1gEaGyIAQGYATO4ARfIAQzYAQPoAQH4AQGIAgGoAgG4ArComtIGwAIB0gIkNjc5ZWQ5MTUtODAzYi00ODAzLTljMjgtMjk1ZDkwNmNiM2Mx2AIB4AIB&aid=304142&ucfs=1&arphpl=1&dest_id=-2106102&dest_type=city&group_adults=2&req_adults=2&no_rooms=1&group_children=0&req_children=0&hpos=22&hapos=22&sr_order=popularity&srpvid=80627519907100cd&srepoch=1783010359&from=searchresults
Golden Key Residency,"Scored 5.8
5.8
Review score
4 reviews",N/A,https://www.booking.com/hotel/in/golden-key-residency-new-delhi1.html?label=gen173nr-10CAEoggI46AdIM1gEaGyIAQGYATO4ARfIAQzYAQPoAQH4AQGIAgGoAgG4ArComtIGwAIB0gIkNjc5ZWQ5MTUtODAzYi00ODAzLTljMjgtMjk1ZDkwNmNiM2Mx2AIB4AIB&aid=304142&ucfs=1&arphpl=1&dest_id=-2106102&dest_type=city&group_adults=2&req_adults=2&no_rooms=1&group_children=0&req_children=0&hpos=23&hapos=23&sr_order=popularity&srpvid=80627519907100cd&srepoch=1783010359&from=searchresults
Hotel Airport View Delhi,"Scored 8.1
8.1
Very Good
7 reviews",N/A,https://www.booking.com/hotel/in/airport-view-delhi.html?label=gen173nr-10CAEoggI46AdIM1gEaGyIAQGYATO4ARfIAQzYAQPoAQH4AQGIAgGoAgG4ArComtIGwAIB0gIkNjc5ZWQ5MTUtODAzYi00ODAzLTljMjgtMjk1ZDkwNmNiM2Mx2AIB4AIB&aid=304142&ucfs=1&arphpl=1&dest_id=-2106102&dest_type=city&group_adults=2&req_adults=2&no_rooms=1&group_children=0&req_children=0&hpos=24&hapos=24&sr_order=popularity&srpvid=80627519907100cd&srepoch=1783010359&from=searchresults
Luxury sup nova,N/A,N/A,https://www.booking.com/hotel/in/luxury-sup-nova.html?label=gen173nr-10CAEoggI46AdIM1gEaGyIAQGYATO4ARfIAQzYAQPoAQH4AQGIAgGoAgG4ArComtIGwAIB0gIkNjc5ZWQ5MTUtODAzYi00ODAzLTljMjgtMjk1ZDkwNmNiM2Mx2AIB4AIB&aid=304142&ucfs=1&arphpl=1&dest_id=-2106102&dest_type=city&group_adults=2&req_adults=2&no_rooms=1&group_children=0&req_children=0&hpos=25&hapos=25&sr_order=popularity&srpvid=80627519907100cd&srepoch=1783010359&from=searchresults
